Run,analyte_type,Assay Type,AvgSpotLen,Bases,BioProject,BioSample,biospecimen_repository,biospecimen_repository_sample_id,body_site,Bytes,Center Name,Consent_Code,Consent,DATASTORE filetype,DATASTORE provider,DATASTORE region,Experiment,gap_accession,gap_parent_phs,Instrument,Library Name,LibraryLayout,LibrarySelection,LibrarySource,Organism,Platform,ReleaseDate,create_date,version,Sample Name,sex,SRA Study,study_design,study_name,submitted_subject_id,alignment_software (exp),AssemblyName,region
SRR3583469,cytosolic mRNA,RNA-Seq,75,3340513050,PRJNA242448,SAMN04094359,Spatiotemporal_Transcriptome_Brain,HSB103_DFC_R_mRNA,Dorsolateral prefrontal cortex,1360005651,NIMH-PHS000731,1,GRU,"sra,run.zq,bam","ncbi,gs,s3","gs.US,s3.us-east-1,ncbi.dbgap",SRX1797839,phs000731,phs000755,Illumina Genome Analyzer IIx,HSB103_DFC_R_mRNA,SINGLE,cDNA,TRANSCRIPTOMIC,Homo sapiens,ILLUMINA,2018-05-24T00:00:00Z,2016-05-25T03:41:00Z,1,HSB103_DFC_R_mRNA,male,SRP075652,Control Set,BrainSpan Atlas of the Developing and Adult Human Brain,HSB103,STAR 2.4.0e,GCA_000001405.16,DFC
SRR3583482,cytosolic mRNA,RNA-Seq,75,4453577775,PRJNA242448,SAMN04094442,Spatiotemporal_Transcriptome_Brain,HSB105_DFC_L_mRNA,Dorsolateral prefrontal cortex,1919016105,NIMH-PHS000731,1,GRU,"bam,sra,run.zq","gs,ncbi,s3","gs.US,ncbi.dbgap,s3.us-east-1",SRX1797852,phs000731,phs000755,Illumina Genome Analyzer IIx,HSB105_DFC_L_mRNA,SINGLE,cDNA,TRANSCRIPTOMIC,Homo sapiens,ILLUMINA,2018-05-24T00:00:00Z,2016-05-25T03:44:00Z,1,HSB105_DFC_L_mRNA,male,SRP075652,Control Set,BrainSpan Atlas of the Developing and Adult Human Brain,HSB105,STAR 2.4.0e,GCA_000001405.16,DFC
SRR3583496,cytosolic mRNA,RNA-Seq,75,4707648675,PRJNA242448,SAMN04094545,Spatiotemporal_Transcriptome_Brain,HSB107_DFC_L_mRNA,Dorsolateral prefrontal cortex,2445856347,NIMH-PHS000731,1,GRU,"sra,bam,run.zq","gs,ncbi,s3","ncbi.dbgap,gs.US,s3.us-east-1",SRX1797866,phs000731,phs000755,Illumina Genome Analyzer IIx,HSB107_DFC_L_mRNA,SINGLE,cDNA,TRANSCRIPTOMIC,Homo sapiens,ILLUMINA,2018-05-24T00:00:00Z,2016-05-25T03:45:00Z,1,HSB107_DFC_L_mRNA,female,SRP075652,Control Set,BrainSpan Atlas of the Developing and Adult Human Brain,HSB107,STAR 2.4.0e,GCA_000001405.16,DFC
SRR3583511,cytosolic mRNA,RNA-Seq,75,2641564125,PRJNA242448,SAMN04094201,Spatiotemporal_Transcriptome_Brain,HSB112_DFC_R_mRNA,Dorsolateral prefrontal cortex,1014159332,NIMH-PHS000731,1,GRU,"sra,run.zq,bam","s3,ncbi,gs","s3.us-east-1,gs.US,ncbi.dbgap",SRX1797881,phs000731,phs000755,Illumina Genome Analyzer IIx,HSB112_DFC_R_mRNA,SINGLE,cDNA,TRANSCRIPTOMIC,Homo sapiens,ILLUMINA,2018-05-24T00:00:00Z,2016-05-25T03:43:00Z,1,HSB112_DFC_R_mRNA,male,SRP075652,Control Set,BrainSpan Atlas of the Developing and Adult Human Brain,HSB112,STAR 2.4.0e,GCA_000001405.16,DFC
SRR3583528,cytosolic mRNA,RNA-Seq,75,3782260725,PRJNA242448,SAMN04094315,Spatiotemporal_Transcriptome_Brain,HSB113_DFC_R_mRNA,Dorsolateral prefrontal cortex,1629582510,NIMH-PHS000731,1,GRU,"sra,bam,run.zq","ncbi,s3","s3.us-east-1,ncbi.dbgap",SRX1797898,phs000731,phs000755,Illumina Genome Analyzer IIx,HSB113_DFC_R_mRNA,SINGLE,cDNA,TRANSCRIPTOMIC,Homo sapiens,ILLUMINA,2018-05-24T00:00:00Z,2022-10-17T13:57:00Z,2,HSB113_DFC_R_mRNA,female,SRP075652,Control Set,BrainSpan Atlas of the Developing and Adult Human Brain,HSB113,STAR 2.4.0e,GCA_000001405.16,DFC
SRR3583542,cytosolic mRNA,RNA-Seq,75,3923279550,PRJNA242448,SAMN04094723,Spatiotemporal_Transcriptome_Brain,HSB114_DFC_L_mRNA,Dorsolateral prefrontal cortex,1692468812,NIMH-PHS000731,1,GRU,"bam,sra,run.zq","gs,ncbi,s3","s3.us-east-1,ncbi.dbgap,gs.US",SRX1797912,phs000731,phs000755,Illumina Genome Analyzer IIx,HSB114_DFC_L_mRNA,SINGLE,cDNA,TRANSCRIPTOMIC,Homo sapiens,ILLUMINA,2018-05-24T00:00:00Z,2016-05-25T03:46:00Z,1,HSB114_DFC_L_mRNA,male,SRP075652,Control Set,BrainSpan Atlas of the Developing and Adult Human Brain,HSB114,STAR 2.4.0e,GCA_000001405.16,DFC
SRR3583557,cytosolic mRNA,RNA-Seq,75,3620756025,PRJNA242448,SAMN04094310,Spatiotemporal_Transcriptome_Brain,HSB118_DFC_R_mRNA,Dorsolateral prefrontal cortex,1742115920,NIMH-PHS000731,1,GRU,"sra,bam,run.zq","gs,ncbi,s3","s3.us-east-1,ncbi.dbgap,gs.US",SRX1797927,phs000731,phs000755,Illumina Genome Analyzer IIx,HSB118_DFC_R_mRNA,SINGLE,cDNA,TRANSCRIPTOMIC,Homo sapiens,ILLUMINA,2018-05-24T00:00:00Z,2016-05-25T03:59:00Z,1,HSB118_DFC_R_mRNA,male,SRP075652,Control Set,BrainSpan Atlas of the Developing and Adult Human Brain,HSB118,STAR 2.4.0e,GCA_000001405.16,DFC
SRR3583573,cytosolic mRNA,RNA-Seq,75,3589321425,PRJNA242448,SAMN04094619,Spatiotemporal_Transcriptome_Brain,HSB119_DFC_L_mRNA,Dorsolateral prefrontal cortex,1912052590,NIMH-PHS000731,1,GRU,"bam,run.zq,sra","ncbi,gs,s3","ncbi.dbgap,s3.us-east-1,gs.US",SRX1797943,phs000731,phs000755,Illumina Genome Analyzer IIx,HSB119_DFC_L_mRNA,SINGLE,cDNA,TRANSCRIPTOMIC,Homo sapiens,ILLUMINA,2018-05-24T00:00:00Z,2016-05-25T03:47:00Z,1,HSB119_DFC_L_mRNA,male,SRP075652,Control Set,BrainSpan Atlas of the Developing and Adult Human Brain,HSB119,STAR 2.4.0e,GCA_000001405.16,DFC
SRR3583587,cytosolic mRNA,RNA-Seq,75,4079723250,PRJNA242448,SAMN04094584,Spatiotemporal_Transcriptome_Brain,HSB121_DFC_R_mRNA,Dorsolateral prefrontal cortex,1638577276,NIMH-PHS000731,1,GRU,"sra,bam,run.zq","ncbi,s3,gs","ncbi.dbgap,s3.us-east-1,gs.US",SRX1797957,phs000731,phs000755,Illumina Genome Analyzer IIx,HSB121_DFC_R_mRNA,SINGLE,cDNA,TRANSCRIPTOMIC,Homo sapiens,ILLUMINA,2018-05-24T00:00:00Z,2016-05-25T03:55:00Z,1,HSB121_DFC_R_mRNA,male,SRP075652,Control Set,BrainSpan Atlas of the Developing and Adult Human Brain,HSB121,STAR 2.4.0e,GCA_000001405.16,DFC
SRR3583603,cytosolic mRNA,RNA-Seq,75,3814595850,PRJNA242448,SAMN04094651,Spatiotemporal_Transcriptome_Brain,HSB122_DFC_R_mRNA,Dorsolateral prefrontal cortex,1548437774,NIMH-PHS000731,1,GRU,"sra,bam,run.zq","s3,gs,ncbi","s3.us-east-1,ncbi.dbgap,gs.US",SRX1797973,phs000731,phs000755,Illumina Genome Analyzer IIx,HSB122_DFC_R_mRNA,SINGLE,cDNA,TRANSCRIPTOMIC,Homo sapiens,ILLUMINA,2018-05-24T00:00:00Z,2016-05-25T03:58:00Z,1,HSB122_DFC_R_mRNA,female,SRP075652,Control Set,BrainSpan Atlas of the Developing and Adult Human Brain,HSB122,STAR 2.4.0e,GCA_000001405.16,DFC
SRR3583619,cytosolic mRNA,RNA-Seq,75,3561378525,PRJNA242448,SAMN04094329,Spatiotemporal_Transcriptome_Brain,HSB123_DFC_R_mRNA,Dorsolateral prefrontal cortex,1542183894,NIMH-PHS000731,1,GRU,"run.zq,bam,sra","s3,gs,ncbi","s3.us-east-1,gs.US,ncbi.dbgap",SRX1797989,phs000731,phs000755,Illumina Genome Analyzer IIx,HSB123_DFC_R_mRNA,SINGLE,cDNA,TRANSCRIPTOMIC,Homo sapiens,ILLUMINA,2018-05-24T00:00:00Z,2016-05-25T03:51:00Z,1,HSB123_DFC_R_mRNA,male,SRP075652,Control Set,BrainSpan Atlas of the Developing and Adult Human Brain,HSB123,STAR 2.4.0e,GCA_000001405.16,DFC
SRR3583635,cytosolic mRNA,RNA-Seq,75,3066818550,PRJNA242448,SAMN04094847,Spatiotemporal_Transcriptome_Brain,HSB124_DFC_R_mRNA,Dorsolateral prefrontal cortex,1203597959,NIMH-PHS000731,1,GRU,"run.zq,sra,bam","gs,ncbi,s3","gs.US,ncbi.dbgap,s3.us-east-1",SRX1798005,phs000731,phs000755,Illumina Genome Analyzer IIx,HSB124_DFC_R_mRNA,SINGLE,cDNA,TRANSCRIPTOMIC,Homo sapiens,ILLUMINA,2018-05-24T00:00:00Z,2016-05-25T03:53:00Z,1,HSB124_DFC_R_mRNA,female,SRP075652,Control Set,BrainSpan Atlas of the Developing and Adult Human Brain,HSB124,STAR 2.4.0e,GCA_000001405.16,DFC
SRR3583651,cytosolic mRNA,RNA-Seq,75,2564022825,PRJNA242448,SAMN04094377,Spatiotemporal_Transcriptome_Brain,HSB126_DFC_R_mRNA,Dorsolateral prefrontal cortex,1133959830,NIMH-PHS000731,1,GRU,"bam,sra,run.zq","gs,ncbi,s3","gs.US,s3.us-east-1,ncbi.dbgap",SRX1798021,phs000731,phs000755,Illumina Genome Analyzer IIx,HSB126_DFC_R_mRNA,SINGLE,cDNA,TRANSCRIPTOMIC,Homo sapiens,ILLUMINA,2018-05-24T00:00:00Z,2016-05-25T03:53:00Z,1,HSB126_DFC_R_mRNA,female,SRP075652,Control Set,BrainSpan Atlas of the Developing and Adult Human Brain,HSB126,STAR 2.4.0e,GCA_000001405.16,DFC
SRR3583667,cytosolic mRNA,RNA-Seq,75,2669648400,PRJNA242448,SAMN04094283,Spatiotemporal_Transcriptome_Brain,HSB127_DFC_L_mRNA,Dorsolateral prefrontal cortex,1191266495,NIMH-PHS000731,1,GRU,"bam,sra,run.zq","s3,ncbi","ncbi.dbgap,s3.us-east-1",SRX1798037,phs000731,phs000755,Illumina Genome Analyzer IIx,HSB127_DFC_L_mRNA,SINGLE,cDNA,TRANSCRIPTOMIC,Homo sapiens,ILLUMINA,2018-05-24T00:00:00Z,2022-10-17T12:19:00Z,2,HSB127_DFC_L_mRNA,female,SRP075652,Control Set,BrainSpan Atlas of the Developing and Adult Human Brain,HSB127,STAR 2.4.0e,GCA_000001405.16,DFC
SRR3583683,cytosolic mRNA,RNA-Seq,75,2381804850,PRJNA242448,SAMN04094202,Spatiotemporal_Transcriptome_Brain,HSB130_DFC_L_mRNA,Dorsolateral prefrontal cortex,903623997,NIMH-PHS000731,1,GRU,"bam,sra,run.zq","ncbi,gs,s3","gs.US,ncbi.dbgap,s3.us-east-1",SRX1798053,phs000731,phs000755,Illumina Genome Analyzer IIx,HSB130_DFC_L_mRNA,SINGLE,cDNA,TRANSCRIPTOMIC,Homo sapiens,ILLUMINA,2018-05-24T00:00:00Z,2016-05-25T03:55:00Z,1,HSB130_DFC_L_mRNA,female,SRP075652,Control Set,BrainSpan Atlas of the Developing and Adult Human Brain,HSB130,STAR 2.4.0e,GCA_000001405.16,DFC
SRR3583699,cytosolic mRNA,RNA-Seq,75,3636345975,PRJNA242448,SAMN04094156,Spatiotemporal_Transcriptome_Brain,HSB131_DFC_L_mRNA,Dorsolateral prefrontal cortex,1941205327,NIMH-PHS000731,1,GRU,"sra,bam,run.zq","gs,ncbi,s3","ncbi.dbgap,s3.us-east-1,gs.US",SRX1798069,phs000731,phs000755,Illumina Genome Analyzer IIx,HSB131_DFC_L_mRNA,SINGLE,cDNA,TRANSCRIPTOMIC,Homo sapiens,ILLUMINA,2018-05-24T00:00:00Z,2016-05-25T04:01:00Z,1,HSB131_DFC_L_mRNA,female,SRP075652,Control Set,BrainSpan Atlas of the Developing and Adult Human Brain,HSB131,STAR 2.4.0e,GCA_000001405.16,DFC
SRR3583715,cytosolic mRNA,RNA-Seq,75,3463403550,PRJNA242448,SAMN04094964,Spatiotemporal_Transcriptome_Brain,HSB132_DFC_L_mRNA,Dorsolateral prefrontal cortex,1852496110,NIMH-PHS000731,1,GRU,"bam,sra,run.zq","gs,ncbi,s3","s3.us-east-1,ncbi.dbgap,gs.US",SRX1798085,phs000731,phs000755,Illumina Genome Analyzer IIx,HSB132_DFC_L_mRNA,SINGLE,cDNA,TRANSCRIPTOMIC,Homo sapiens,ILLUMINA,2018-05-24T00:00:00Z,2016-05-25T04:00:00Z,1,HSB132_DFC_L_mRNA,male,SRP075652,Control Set,BrainSpan Atlas of the Developing and Adult Human Brain,HSB132,STAR 2.4.0e,GCA_000001405.16,DFC
SRR3583731,cytosolic mRNA,RNA-Seq,75,3209985075,PRJNA242448,SAMN04094667,Spatiotemporal_Transcriptome_Brain,HSB135_DFC_R_mRNA,Dorsolateral prefrontal cortex,1323249847,NIMH-PHS000731,1,GRU,"sra,run.zq,bam","s3,ncbi,gs","s3.us-east-1,gs.US,ncbi.dbgap",SRX1798101,phs000731,phs000755,Illumina Genome Analyzer IIx,HSB135_DFC_R_mRNA,SINGLE,cDNA,TRANSCRIPTOMIC,Homo sapiens,ILLUMINA,2018-05-24T00:00:00Z,2016-05-25T03:59:00Z,1,HSB135_DFC_R_mRNA,female,SRP075652,Control Set,BrainSpan Atlas of the Developing and Adult Human Brain,HSB135,STAR 2.4.0e,GCA_000001405.16,DFC
SRR3583746,cytosolic mRNA,RNA-Seq,75,3433544850,PRJNA242448,SAMN04094871,Spatiotemporal_Transcriptome_Brain,HSB136_DFC_R_mRNA,Dorsolateral prefrontal cortex,1950862015,NIMH-PHS000731,1,GRU,"run.zq,sra,bam","gs,s3,ncbi","ncbi.dbgap,s3.us-east-1,gs.US",SRX1798116,phs000731,phs000755,Illumina Genome Analyzer IIx,HSB136_DFC_R_mRNA,SINGLE,cDNA,TRANSCRIPTOMIC,Homo sapiens,ILLUMINA,2018-05-24T00:00:00Z,2016-05-25T04:11:00Z,1,HSB136_DFC_R_mRNA,male,SRP075652,Control Set,BrainSpan Atlas of the Developing and Adult Human Brain,HSB136,STAR 2.4.0e,GCA_000001405.16,DFC
SRR3583762,cytosolic mRNA,RNA-Seq,75,3179723925,PRJNA242448,SAMN04094582,Spatiotemporal_Transcriptome_Brain,HSB139_DFC_L_mRNA,Dorsolateral prefrontal cortex,1182575684,NIMH-PHS000731,1,GRU,"bam,run.zq,sra","s3,ncbi,gs","gs.US,s3.us-east-1,ncbi.dbgap",SRX1798132,phs000731,phs000755,Illumina Genome Analyzer IIx,HSB139_DFC_L_mRNA,SINGLE,cDNA,TRANSCRIPTOMIC,Homo sapiens,ILLUMINA,2018-05-24T00:00:00Z,2016-05-25T04:03:00Z,1,HSB139_DFC_L_mRNA,male,SRP075652,Control Set,BrainSpan Atlas of the Developing and Adult Human Brain,HSB139,STAR 2.4.0e,GCA_000001405.16,DFC
SRR3583778,cytosolic mRNA,RNA-Seq,75,2956645875,PRJNA242448,SAMN04094275,Spatiotemporal_Transcriptome_Brain,HSB141_DFC_L_mRNA,Dorsolateral prefrontal cortex,1311648429,NIMH-PHS000731,1,GRU,"bam,run.zq,sra","gs,ncbi,s3","ncbi.dbgap,gs.US,s3.us-east-1",SRX1798148,phs000731,phs000755,Illumina Genome Analyzer IIx,HSB141_DFC_L_mRNA,SINGLE,cDNA,TRANSCRIPTOMIC,Homo sapiens,ILLUMINA,2018-05-24T00:00:00Z,2016-05-25T04:05:00Z,1,HSB141_DFC_L_mRNA,male,SRP075652,Control Set,BrainSpan Atlas of the Developing and Adult Human Brain,HSB141,STAR 2.4.0e,GCA_000001405.16,DFC
SRR3583794,cytosolic mRNA,RNA-Seq,75,3080090325,PRJNA242448,SAMN04094683,Spatiotemporal_Transcriptome_Brain,HSB143_DFC_R_mRNA,Dorsolateral prefrontal cortex,1236787007,NIMH-PHS000731,1,GRU,"bam,sra,run.zq","gs,s3,ncbi","gs.US,ncbi.dbgap,s3.us-east-1",SRX1798164,phs000731,phs000755,Illumina Genome Analyzer IIx,HSB143_DFC_R_mRNA,SINGLE,cDNA,TRANSCRIPTOMIC,Homo sapiens,ILLUMINA,2018-05-24T00:00:00Z,2016-05-25T04:06:00Z,1,HSB143_DFC_R_mRNA,female,SRP075652,Control Set,BrainSpan Atlas of the Developing and Adult Human Brain,HSB143,STAR 2.4.0e,GCA_000001405.16,DFC
SRR3583810,cytosolic mRNA,RNA-Seq,75,2639946225,PRJNA242448,SAMN04094518,Spatiotemporal_Transcriptome_Brain,HSB145_DFC_R_mRNA,Dorsolateral prefrontal cortex,1148284056,NIMH-PHS000731,1,GRU,"sra,run.zq,bam","s3,ncbi","s3.us-east-1,ncbi.dbgap",SRX1798180,phs000731,phs000755,Illumina Genome Analyzer IIx,HSB145_DFC_R_mRNA,SINGLE,cDNA,TRANSCRIPTOMIC,Homo sapiens,ILLUMINA,2018-05-24T00:00:00Z,2022-10-17T13:00:00Z,2,HSB145_DFC_R_mRNA,male,SRP075652,Control Set,BrainSpan Atlas of the Developing and Adult Human Brain,HSB145,STAR 2.4.0e,GCA_000001405.16,DFC
SRR3583825,cytosolic mRNA,RNA-Seq,75,3744600525,PRJNA242448,SAMN04094542,Spatiotemporal_Transcriptome_Brain,HSB148_DFC_L_mRNA,Dorsolateral prefrontal cortex,1638662778,NIMH-PHS000731,1,GRU,"run.zq,bam,sra","s3,ncbi,gs","gs.US,s3.us-east-1,ncbi.dbgap",SRX1798195,phs000731,phs000755,Illumina Genome Analyzer IIx,HSB148_DFC_L_mRNA,SINGLE,cDNA,TRANSCRIPTOMIC,Homo sapiens,ILLUMINA,2018-05-24T00:00:00Z,2016-05-25T04:08:00Z,1,HSB148_DFC_L_mRNA,male,SRP075652,Control Set,BrainSpan Atlas of the Developing and Adult Human Brain,HSB148,STAR 2.4.0e,GCA_000001405.16,DFC
SRR3583840,cytosolic mRNA,RNA-Seq,75,3079192425,PRJNA242448,SAMN04094129,Spatiotemporal_Transcriptome_Brain,HSB149_DFC_L_mRNA,Dorsolateral prefrontal cortex,1228264518,NIMH-PHS000731,1,GRU,"run.zq,sra,bam","gs,s3,ncbi","s3.us-east-1,gs.US,ncbi.dbgap",SRX1798210,phs000731,phs000755,Illumina Genome Analyzer IIx,HSB149_DFC_L_mRNA,SINGLE,cDNA,TRANSCRIPTOMIC,Homo sapiens,ILLUMINA,2018-05-24T00:00:00Z,2016-05-25T04:09:00Z,1,HSB149_DFC_L_mRNA,female,SRP075652,Control Set,BrainSpan Atlas of the Developing and Adult Human Brain,HSB149,STAR 2.4.0e,GCA_000001405.16,DFC
SRR3583856,cytosolic mRNA,RNA-Seq,75,2711557575,PRJNA242448,SAMN04094159,Spatiotemporal_Transcriptome_Brain,HSB150_DFC_R_mRNA,Dorsolateral prefrontal cortex,1197874392,NIMH-PHS000731,1,GRU,"bam,sra,run.zq","gs,ncbi,s3","s3.us-east-1,gs.US,ncbi.dbgap",SRX1798226,phs000731,phs000755,Illumina Genome Analyzer IIx,HSB150_DFC_R_mRNA,SINGLE,cDNA,TRANSCRIPTOMIC,Homo sapiens,ILLUMINA,2018-05-24T00:00:00Z,2016-05-25T04:10:00Z,1,HSB150_DFC_R_mRNA,female,SRP075652,Control Set,BrainSpan Atlas of the Developing and Adult Human Brain,HSB150,STAR 2.4.0e,GCA_000001405.16,DFC
SRR3583871,cytosolic mRNA,RNA-Seq,75,4304050125,PRJNA242448,SAMN04094864,Spatiotemporal_Transcriptome_Brain,HSB153_DFC_R_mRNA,Dorsolateral prefrontal cortex,1708101634,NIMH-PHS000731,1,GRU,"run.zq,bam,sra","gs,s3,ncbi","gs.US,ncbi.dbgap,s3.us-east-1",SRX1798241,phs000731,phs000755,Illumina Genome Analyzer IIx,HSB153_DFC_R_mRNA,SINGLE,cDNA,TRANSCRIPTOMIC,Homo sapiens,ILLUMINA,2018-05-24T00:00:00Z,2016-05-25T04:12:00Z,1,HSB153_DFC_R_mRNA,female,SRP075652,Control Set,BrainSpan Atlas of the Developing and Adult Human Brain,HSB153,STAR 2.4.0e,GCA_000001405.16,DFC
SRR3583886,cytosolic mRNA,RNA-Seq,75,3786711900,PRJNA242448,SAMN04094872,Spatiotemporal_Transcriptome_Brain,HSB154_DFC_R_mRNA,Dorsolateral prefrontal cortex,1717264248,NIMH-PHS000731,1,GRU,"run.zq,bam,sra","gs,s3,ncbi","gs.US,s3.us-east-1,ncbi.dbgap",SRX1798256,phs000731,phs000755,Illumina Genome Analyzer IIx,HSB154_DFC_R_mRNA,SINGLE,cDNA,TRANSCRIPTOMIC,Homo sapiens,ILLUMINA,2018-05-24T00:00:00Z,2016-05-25T04:12:00Z,1,HSB154_DFC_R_mRNA,male,SRP075652,Control Set,BrainSpan Atlas of the Developing and Adult Human Brain,HSB154,STAR 2.4.0e,GCA_000001405.16,DFC
SRR3583899,cytosolic mRNA,RNA-Seq,75,2234563875,PRJNA242448,SAMN04094659,Spatiotemporal_Transcriptome_Brain,HSB155_DFC_R_mRNA,Dorsolateral prefrontal cortex,972663001,NIMH-PHS000731,1,GRU,"bam,run.zq,sra","s3,gs,ncbi","ncbi.dbgap,gs.US,s3.us-east-1",SRX1798269,phs000731,phs000755,Illumina Genome Analyzer IIx,HSB155_DFC_R_mRNA,SINGLE,cDNA,TRANSCRIPTOMIC,Homo sapiens,ILLUMINA,2018-05-24T00:00:00Z,2016-05-25T04:09:00Z,1,HSB155_DFC_R_mRNA,female,SRP075652,Control Set,BrainSpan Atlas of the Developing and Adult Human Brain,HSB155,STAR 2.4.0e,GCA_000001405.16,DFC
SRR3583913,cytosolic mRNA,RNA-Seq,75,2782157025,PRJNA242448,SAMN04094883,Spatiotemporal_Transcriptome_Brain,HSB159_DFC_L_mRNA,Dorsolateral prefrontal cortex,1181073520,NIMH-PHS000731,1,GRU,"run.zq,bam,sra","s3,ncbi,gs","s3.us-east-1,gs.US,ncbi.dbgap",SRX1798283,phs000731,phs000755,Illumina Genome Analyzer IIx,HSB159_DFC_L_mRNA,SINGLE,cDNA,TRANSCRIPTOMIC,Homo sapiens,ILLUMINA,2018-05-24T00:00:00Z,2016-05-25T04:17:00Z,1,HSB159_DFC_L_mRNA,male,SRP075652,Control Set,BrainSpan Atlas of the Developing and Adult Human Brain,HSB159,STAR 2.4.0e,GCA_000001405.16,DFC
SRR3583927,cytosolic mRNA,RNA-Seq,75,3530577900,PRJNA242448,SAMN04094554,Spatiotemporal_Transcriptome_Brain,HSB171_DFC_L_mRNA,Dorsolateral prefrontal cortex,1496992667,NIMH-PHS000731,1,GRU,"sra,bam,run.zq","s3,gs,ncbi","s3.us-east-1,ncbi.dbgap,gs.US",SRX1798297,phs000731,phs000755,Illumina Genome Analyzer IIx,HSB171_DFC_L_mRNA,SINGLE,cDNA,TRANSCRIPTOMIC,Homo sapiens,ILLUMINA,2018-05-24T00:00:00Z,2016-05-25T04:14:00Z,1,HSB171_DFC_L_mRNA,male,SRP075652,Control Set,BrainSpan Atlas of the Developing and Adult Human Brain,HSB171,STAR 2.4.0e,GCA_000001405.16,DFC
SRR3583940,cytosolic mRNA,RNA-Seq,75,3685521225,PRJNA242448,SAMN04094192,Spatiotemporal_Transcriptome_Brain,HSB172_DFC_L_mRNA,Dorsolateral prefrontal cortex,1950419579,NIMH-PHS000731,1,GRU,"bam,sra,run.zq","ncbi,gs,s3","s3.us-east-1,ncbi.dbgap,gs.US",SRX1798310,phs000731,phs000755,Illumina Genome Analyzer IIx,HSB172_DFC_L_mRNA,SINGLE,cDNA,TRANSCRIPTOMIC,Homo sapiens,ILLUMINA,2018-05-24T00:00:00Z,2016-05-25T04:20:00Z,1,HSB172_DFC_L_mRNA,male,SRP075652,Control Set,BrainSpan Atlas of the Developing and Adult Human Brain,HSB172,STAR 2.4.0e,GCA_000001405.16,DFC
SRR3583967,cytosolic mRNA,RNA-Seq,75,3813595575,PRJNA242448,SAMN04094227,Spatiotemporal_Transcriptome_Brain,HSB174_DFC_L_mRNA,Dorsolateral prefrontal cortex,1696684824,NIMH-PHS000731,1,GRU,"run.zq,sra,bam","s3,ncbi","ncbi.dbgap,s3.us-east-1",SRX1798337,phs000731,phs000755,Illumina Genome Analyzer IIx,HSB174_DFC_L_mRNA,SINGLE,cDNA,TRANSCRIPTOMIC,Homo sapiens,ILLUMINA,2018-05-24T00:00:00Z,2022-10-17T13:27:00Z,2,HSB174_DFC_L_mRNA,male,SRP075652,Control Set,BrainSpan Atlas of the Developing and Adult Human Brain,HSB174,STAR 2.4.0e,GCA_000001405.16,DFC
SRR3583979,cytosolic mRNA,RNA-Seq,75,3167930400,PRJNA242448,SAMN04095021,Spatiotemporal_Transcriptome_Brain,HSB175_DFC_L_mRNA,Dorsolateral prefrontal cortex,1314190869,NIMH-PHS000731,1,GRU,"run.zq,bam,sra","ncbi,gs,s3","s3.us-east-1,ncbi.dbgap,gs.US",SRX1798349,phs000731,phs000755,Illumina Genome Analyzer IIx,HSB175_DFC_L_mRNA,SINGLE,cDNA,TRANSCRIPTOMIC,Homo sapiens,ILLUMINA,2018-05-24T00:00:00Z,2016-05-25T03:10:00Z,1,HSB175_DFC_L_mRNA,female,SRP075652,Control Set,BrainSpan Atlas of the Developing and Adult Human Brain,HSB175,STAR 2.4.0e,GCA_000001405.16,DFC
SRR3583993,cytosolic mRNA,RNA-Seq,75,2499241725,PRJNA242448,SAMN04094374,Spatiotemporal_Transcriptome_Brain,HSB178_DFC_L_mRNA,Dorsolateral prefrontal cortex,955918534,NIMH-PHS000731,1,GRU,"sra,bam,run.zq","s3,gs,ncbi","s3.us-east-1,ncbi.dbgap,gs.US",SRX1798363,phs000731,phs000755,Illumina Genome Analyzer IIx,HSB178_DFC_L_mRNA,SINGLE,cDNA,TRANSCRIPTOMIC,Homo sapiens,ILLUMINA,2018-05-24T00:00:00Z,2016-05-25T03:14:00Z,1,HSB178_DFC_L_mRNA,male,SRP075652,Control Set,BrainSpan Atlas of the Developing and Adult Human Brain,HSB178,STAR 2.4.0e,GCA_000001405.16,DFC
SRR3584009,cytosolic mRNA,RNA-Seq,75,3836843775,PRJNA242448,SAMN04094376,Spatiotemporal_Transcriptome_Brain,HSB194_DFC_L_mRNA,Dorsolateral prefrontal cortex,1529604511,NIMH-PHS000731,1,GRU,"bam,sra,run.zq","gs,s3,ncbi","s3.us-east-1,gs.US,ncbi.dbgap",SRX1798379,phs000731,phs000755,Illumina Genome Analyzer IIx,HSB194_DFC_L_mRNA,SINGLE,cDNA,TRANSCRIPTOMIC,Homo sapiens,ILLUMINA,2018-05-24T00:00:00Z,2016-05-25T03:14:00Z,1,HSB194_DFC_L_mRNA,male,SRP075652,Control Set,BrainSpan Atlas of the Developing and Adult Human Brain,HSB194,STAR 2.4.0e,GCA_000001405.16,DFC
SRR3584024,cytosolic mRNA,RNA-Seq,75,3824004675,PRJNA242448,SAMN04094118,Spatiotemporal_Transcriptome_Brain,HSB92_DFC_R_mRNA,Dorsolateral prefrontal cortex,1586070973,NIMH-PHS000731,1,GRU,"bam,sra,run.zq","ncbi,gs,s3","s3.us-east-1,gs.US,ncbi.dbgap",SRX1798394,phs000731,phs000755,Illumina Genome Analyzer IIx,HSB92_DFC_R_mRNA,SINGLE,cDNA,TRANSCRIPTOMIC,Homo sapiens,ILLUMINA,2018-05-24T00:00:00Z,2016-05-25T03:14:00Z,1,HSB92_DFC_R_mRNA,male,SRP075652,Control Set,BrainSpan Atlas of the Developing and Adult Human Brain,HSB92,STAR 2.4.0e,GCA_000001405.16,DFC
SRR3584038,cytosolic mRNA,RNA-Seq,75,3912503475,PRJNA242448,SAMN04094981,Spatiotemporal_Transcriptome_Brain,HSB96_DFC_R_mRNA,Dorsolateral prefrontal cortex,1874729405,NIMH-PHS000731,1,GRU,"bam,sra,run.zq","gs,ncbi,s3","s3.us-east-1,gs.US,ncbi.dbgap",SRX1798408,phs000731,phs000755,Illumina Genome Analyzer IIx,HSB96_DFC_R_mRNA,SINGLE,cDNA,TRANSCRIPTOMIC,Homo sapiens,ILLUMINA,2018-05-24T00:00:00Z,2016-05-25T03:14:00Z,1,HSB96_DFC_R_mRNA,male,SRP075652,Control Set,BrainSpan Atlas of the Developing and Adult Human Brain,HSB96,STAR 2.4.0e,GCA_000001405.16,DFC
SRR3584051,cytosolic mRNA,RNA-Seq,75,3423852225,PRJNA242448,SAMN04094658,Spatiotemporal_Transcriptome_Brain,HSB97_DFC_L_mRNA,Dorsolateral prefrontal cortex,1360370085,NIMH-PHS000731,1,GRU,"bam,run.zq,sra","ncbi,gs,s3","gs.US,s3.us-east-1,ncbi.dbgap",SRX1798421,phs000731,phs000755,Illumina Genome Analyzer IIx,HSB97_DFC_L_mRNA,SINGLE,cDNA,TRANSCRIPTOMIC,Homo sapiens,ILLUMINA,2018-05-24T00:00:00Z,2016-05-25T03:14:00Z,1,HSB97_DFC_L_mRNA,female,SRP075652,Control Set,BrainSpan Atlas of the Developing and Adult Human Brain,HSB97,STAR 2.4.0e,GCA_000001405.16,DFC
SRR3584063,cytosolic mRNA,RNA-Seq,75,3341384100,PRJNA242448,SAMN04094737,Spatiotemporal_Transcriptome_Brain,HSB98_DFC_R_mRNA,Dorsolateral prefrontal cortex,1347067684,NIMH-PHS000731,1,GRU,"bam,run.zq,sra","ncbi,s3,gs","s3.us-east-1,gs.US,ncbi.dbgap",SRX1798433,phs000731,phs000755,Illumina Genome Analyzer IIx,HSB98_DFC_R_mRNA,SINGLE,cDNA,TRANSCRIPTOMIC,Homo sapiens,ILLUMINA,2018-05-24T00:00:00Z,2016-05-25T03:21:00Z,1,HSB98_DFC_R_mRNA,female,SRP075652,Control Set,BrainSpan Atlas of the Developing and Adult Human Brain,HSB98,STAR 2.4.0e,GCA_000001405.16,DFC
